﻿File,RefFile,Organ,SelectedColumn,SelectedName,SubArea,Prefix,SaveNumber,RefTarget
Sandbox/Organ/liver_couinaud_1.csv,Sandbox/Category/Radiomics.csv,Liver,Region,ROI,Couinaud_1,Couinaud_1,1,Data/OrganCorrelation/RefData/Liver.csv
Sandbox/Organ/liver_couinaud_2.csv,Sandbox/Category/Radiomics.csv,Liver,Region,ROI,Couinaud_2,Couinaud_2,2,
Sandbox/Organ/liver_couinaud_3.csv,Sandbox/Category/Radiomics.csv,Liver,Region,ROI,Couinaud_3,Couinaud_3,3,
Sandbox/Organ/liver_couinaud_4a.csv,Sandbox/Category/Radiomics.csv,Liver,Region,ROI,Couinaud_4a,Couinaud_4a,4,
Sandbox/Organ/liver_couinaud_4b.csv,Sandbox/Category/Radiomics.csv,Liver,Region,ROI,Couinaud_4b,Couinaud_4b,5,
Sandbox/Organ/liver_couinaud_5.csv,Sandbox/Category/Radiomics.csv,Liver,Region,ROI,Couinaud_5,Couinaud_5,6,
Sandbox/Organ/liver_couinaud_6.csv,Sandbox/Category/Radiomics.csv,Liver,Region,ROI,Couinaud_6,Couinaud_6,7,
Sandbox/Organ/liver_couinaud_7.csv,Sandbox/Category/Radiomics.csv,Liver,Region,ROI,Couinaud_7,Couinaud_7,8,
Sandbox/Organ/liver_couinaud_8.csv,Sandbox/Category/Radiomics.csv,Liver,Region,ROI,Couinaud_8,Couinaud_8,9,
Sandbox/Vessel/HepaticVein.csv,Sandbox/Category/Radiomics.csv,Liver,Region,ROI,HV,Hepatic_vein,10,
Sandbox/Vessel/PortalVein.csv,Sandbox/Category/Radiomics.csv,Liver,Region,ROI,PV,Portal_vein,11,
