﻿File,RefFile,Organ,SelectedColumn,SelectedName,SubArea,Prefix,SaveNumber,RefTarget
Sandbox/Organ/heart_volume.csv,Sandbox/Category/Heart.csv,Heart,Region,RA,RA,right_atrium,1,
Sandbox/Organ/heart_volume.csv,Sandbox/Category/Heart.csv,Heart,Region,RV,RV,right_ventricle,2,
Sandbox/Organ/heart_volume.csv,Sandbox/Category/Heart.csv,Heart,Region,LA,LA,left_atrium,3,
Sandbox/Organ/heart_volume.csv,Sandbox/Category/Heart.csv,Heart,Region,LV,LV,left_ventricle,4,
Sandbox/Vessel/AA.csv,Sandbox/Category/Radiomics.csv,Heart,Region,ROI,AA,aorta,5,
Sandbox/Vessel/LPA.csv,Sandbox/Category/Radiomics.csv,Heart,Region,ROI,PA,left pulmonary_artery,6,
Sandbox/Vessel/LPV.csv,Sandbox/Category/Radiomics.csv,Heart,Region,ROI,PV,left pulmonary_veins,7,
Sandbox/Vessel/MPA.csv,Sandbox/Category/Radiomics.csv,Heart,Region,ROI,PA,middle pulmonary_artery,8,
Sandbox/Vessel/MPV.csv,Sandbox/Category/Radiomics.csv,Heart,Region,ROI,PV,middle pulmonary_veins,9,
Sandbox/Vessel/RPA.csv,Sandbox/Category/Radiomics.csv,Heart,Region,ROI,PA,right pulmonary_artery,10,
Sandbox/Vessel/RPV.csv,Sandbox/Category/Radiomics.csv,Heart,Region,ROI,PV,right pulmonary_veins,11,
Sandbox/Vessel/SVC.csv,Sandbox/Category/Radiomics.csv,Heart,Region,ROI,SVC,SVC,,
